-- phpMyAdmin SQL Dump
-- version 5.1.1
-- https://www.phpmyadmin.net/
--
-- Host: 127.0.0.1
-- Generation Time: Dec 03, 2021 at 03:08 PM
-- Server version: 8.0.27
-- PHP Version: 8.0.12

SET SQL_MODE = "NO_AUTO_VALUE_ON_ZERO";
START TRANSACTION;
SET time_zone = "+00:00";


/*!40101 SET @OLD_CHARACTER_SET_CLIENT=@@CHARACTER_SET_CLIENT */;
/*!40101 SET @OLD_CHARACTER_SET_RESULTS=@@CHARACTER_SET_RESULTS */;
/*!40101 SET @OLD_COLLATION_CONNECTION=@@COLLATION_CONNECTION */;
/*!40101 SET NAMES utf8mb4 */;

--
-- Database: `seas`
--

-- --------------------------------------------------------

--
-- Table structure for table `auth_group`
--

CREATE TABLE `auth_group` (
  `id` int NOT NULL,
  `name` varchar(150) NOT NULL
) ENGINE=InnoDB DEFAULT CHARSET=utf8mb4 COLLATE=utf8mb4_0900_ai_ci;

-- --------------------------------------------------------

--
-- Table structure for table `auth_group_permissions`
--

CREATE TABLE `auth_group_permissions` (
  `id` bigint NOT NULL,
  `group_id` int NOT NULL,
  `permission_id` int NOT NULL
) ENGINE=InnoDB DEFAULT CHARSET=utf8mb4 COLLATE=utf8mb4_0900_ai_ci;

-- --------------------------------------------------------

--
-- Table structure for table `auth_permission`
--

CREATE TABLE `auth_permission` (
  `id` int NOT NULL,
  `name` varchar(255) NOT NULL,
  `content_type_id` int NOT NULL,
  `codename` varchar(100) NOT NULL
) ENGINE=InnoDB DEFAULT CHARSET=utf8mb4 COLLATE=utf8mb4_0900_ai_ci;

--
-- Dumping data for table `auth_permission`
--

INSERT INTO `auth_permission` (`id`, `name`, `content_type_id`, `codename`) VALUES
(1, 'Can add log entry', 1, 'add_logentry'),
(2, 'Can change log entry', 1, 'change_logentry'),
(3, 'Can delete log entry', 1, 'delete_logentry'),
(4, 'Can view log entry', 1, 'view_logentry'),
(5, 'Can add permission', 2, 'add_permission'),
(6, 'Can change permission', 2, 'change_permission'),
(7, 'Can delete permission', 2, 'delete_permission'),
(8, 'Can view permission', 2, 'view_permission'),
(9, 'Can add group', 3, 'add_group'),
(10, 'Can change group', 3, 'change_group'),
(11, 'Can delete group', 3, 'delete_group'),
(12, 'Can view group', 3, 'view_group'),
(13, 'Can add user', 4, 'add_user'),
(14, 'Can change user', 4, 'change_user'),
(15, 'Can delete user', 4, 'delete_user'),
(16, 'Can view user', 4, 'view_user'),
(17, 'Can add content type', 5, 'add_contenttype'),
(18, 'Can change content type', 5, 'change_contenttype'),
(19, 'Can delete content type', 5, 'delete_contenttype'),
(20, 'Can view content type', 5, 'view_contenttype'),
(21, 'Can add session', 6, 'add_session'),
(22, 'Can change session', 6, 'change_session'),
(23, 'Can delete session', 6, 'delete_session'),
(24, 'Can view session', 6, 'view_session'),
(25, 'Can add classroom_t', 7, 'add_classroom_t'),
(26, 'Can change classroom_t', 7, 'change_classroom_t'),
(27, 'Can delete classroom_t', 7, 'delete_classroom_t'),
(28, 'Can view classroom_t', 7, 'view_classroom_t'),
(29, 'Can add course_t', 8, 'add_course_t'),
(30, 'Can change course_t', 8, 'change_course_t'),
(31, 'Can delete course_t', 8, 'delete_course_t'),
(32, 'Can view course_t', 8, 'view_course_t'),
(33, 'Can add department_t', 9, 'add_department_t'),
(34, 'Can change department_t', 9, 'change_department_t'),
(35, 'Can delete department_t', 9, 'delete_department_t'),
(36, 'Can view department_t', 9, 'view_department_t'),
(37, 'Can add faculty_t', 10, 'add_faculty_t'),
(38, 'Can change faculty_t', 10, 'change_faculty_t'),
(39, 'Can delete faculty_t', 10, 'delete_faculty_t'),
(40, 'Can view faculty_t', 10, 'view_faculty_t'),
(41, 'Can add school_t', 11, 'add_school_t'),
(42, 'Can change school_t', 11, 'change_school_t'),
(43, 'Can delete school_t', 11, 'delete_school_t'),
(44, 'Can view school_t', 11, 'view_school_t'),
(45, 'Can add section_t', 12, 'add_section_t'),
(46, 'Can change section_t', 12, 'change_section_t'),
(47, 'Can delete section_t', 12, 'delete_section_t'),
(48, 'Can view section_t', 12, 'view_section_t');

-- --------------------------------------------------------

--
-- Table structure for table `auth_user`
--

CREATE TABLE `auth_user` (
  `id` int NOT NULL,
  `password` varchar(128) NOT NULL,
  `last_login` datetime(6) DEFAULT NULL,
  `is_superuser` tinyint(1) NOT NULL,
  `username` varchar(150) NOT NULL,
  `first_name` varchar(150) NOT NULL,
  `last_name` varchar(150) NOT NULL,
  `email` varchar(254) NOT NULL,
  `is_staff` tinyint(1) NOT NULL,
  `is_active` tinyint(1) NOT NULL,
  `date_joined` datetime(6) NOT NULL
) ENGINE=InnoDB DEFAULT CHARSET=utf8mb4 COLLATE=utf8mb4_0900_ai_ci;

--
-- Dumping data for table `auth_user`
--

INSERT INTO `auth_user` (`id`, `password`, `last_login`, `is_superuser`, `username`, `first_name`, `last_name`, `email`, `is_staff`, `is_active`, `date_joined`) VALUES
(1, 'pbkdf2_sha256$260000$vqDb2sDuSk5hTinrI0KOCe$lkKxb+bVMGZuvXHR841Jdb/x4fdK/FKFCO8fj8GWfmI=', '2021-12-02 18:50:54.000000', 1, 'topurayhan007@gmail.com', 'Topu', 'Rayhan', 'topurayhan007@gmail.com', 1, 1, '2021-12-02 18:50:31.000000');

-- --------------------------------------------------------

--
-- Table structure for table `auth_user_groups`
--

CREATE TABLE `auth_user_groups` (
  `id` bigint NOT NULL,
  `user_id` int NOT NULL,
  `group_id` int NOT NULL
) ENGINE=InnoDB DEFAULT CHARSET=utf8mb4 COLLATE=utf8mb4_0900_ai_ci;

-- --------------------------------------------------------

--
-- Table structure for table `auth_user_user_permissions`
--

CREATE TABLE `auth_user_user_permissions` (
  `id` bigint NOT NULL,
  `user_id` int NOT NULL,
  `permission_id` int NOT NULL
) ENGINE=InnoDB DEFAULT CHARSET=utf8mb4 COLLATE=utf8mb4_0900_ai_ci;

-- --------------------------------------------------------

--
-- Table structure for table `django_admin_log`
--

CREATE TABLE `django_admin_log` (
  `id` int NOT NULL,
  `action_time` datetime(6) NOT NULL,
  `object_id` longtext,
  `object_repr` varchar(200) NOT NULL,
  `action_flag` smallint UNSIGNED NOT NULL,
  `change_message` longtext NOT NULL,
  `content_type_id` int DEFAULT NULL,
  `user_id` int NOT NULL
) ;

--
-- Dumping data for table `django_admin_log`
--

INSERT INTO `django_admin_log` (`id`, `action_time`, `object_id`, `object_repr`, `action_flag`, `change_message`, `content_type_id`, `user_id`) VALUES
(1, '2021-12-02 18:51:27.846541', '1', 'topurayhan007@gmail.com', 2, '[{\"changed\": {\"fields\": [\"Username\", \"First name\", \"Last name\"]}}]', 4, 1);

-- --------------------------------------------------------

--
-- Table structure for table `django_content_type`
--

CREATE TABLE `django_content_type` (
  `id` int NOT NULL,
  `app_label` varchar(100) NOT NULL,
  `model` varchar(100) NOT NULL
) ENGINE=InnoDB DEFAULT CHARSET=utf8mb4 COLLATE=utf8mb4_0900_ai_ci;

--
-- Dumping data for table `django_content_type`
--

INSERT INTO `django_content_type` (`id`, `app_label`, `model`) VALUES
(1, 'admin', 'logentry'),
(3, 'auth', 'group'),
(2, 'auth', 'permission'),
(4, 'auth', 'user'),
(5, 'contenttypes', 'contenttype'),
(7, 'seas', 'classroom_t'),
(8, 'seas', 'course_t'),
(9, 'seas', 'department_t'),
(10, 'seas', 'faculty_t'),
(11, 'seas', 'school_t'),
(12, 'seas', 'section_t'),
(6, 'sessions', 'session');

-- --------------------------------------------------------

--
-- Table structure for table `django_migrations`
--

CREATE TABLE `django_migrations` (
  `id` bigint NOT NULL,
  `app` varchar(255) NOT NULL,
  `name` varchar(255) NOT NULL,
  `applied` datetime(6) NOT NULL
) ENGINE=InnoDB DEFAULT CHARSET=utf8mb4 COLLATE=utf8mb4_0900_ai_ci;

--
-- Dumping data for table `django_migrations`
--

INSERT INTO `django_migrations` (`id`, `app`, `name`, `applied`) VALUES
(1, 'contenttypes', '0001_initial', '2021-12-02 18:40:37.128479'),
(2, 'auth', '0001_initial', '2021-12-02 18:40:37.721847'),
(3, 'admin', '0001_initial', '2021-12-02 18:40:37.844823'),
(4, 'admin', '0002_logentry_remove_auto_add', '2021-12-02 18:40:37.852359'),
(5, 'admin', '0003_logentry_add_action_flag_choices', '2021-12-02 18:40:37.859962'),
(6, 'contenttypes', '0002_remove_content_type_name', '2021-12-02 18:40:37.954485'),
(7, 'auth', '0002_alter_permission_name_max_length', '2021-12-02 18:40:38.010405'),
(8, 'auth', '0003_alter_user_email_max_length', '2021-12-02 18:40:38.035269'),
(9, 'auth', '0004_alter_user_username_opts', '2021-12-02 18:40:38.042386'),
(10, 'auth', '0005_alter_user_last_login_null', '2021-12-02 18:40:38.096881'),
(11, 'auth', '0006_require_contenttypes_0002', '2021-12-02 18:40:38.100603'),
(12, 'auth', '0007_alter_validators_add_error_messages', '2021-12-02 18:40:38.107647'),
(13, 'auth', '0008_alter_user_username_max_length', '2021-12-02 18:40:38.167855'),
(14, 'auth', '0009_alter_user_last_name_max_length', '2021-12-02 18:40:38.229457'),
(15, 'auth', '0010_alter_group_name_max_length', '2021-12-02 18:40:38.250475'),
(16, 'auth', '0011_update_proxy_permissions', '2021-12-02 18:40:38.257481'),
(17, 'auth', '0012_alter_user_first_name_max_length', '2021-12-02 18:40:38.318841'),
(18, 'seas', '0001_initial', '2021-12-02 18:40:38.453927'),
(19, 'seas', '0002_auto_20211202_2144', '2021-12-02 18:40:38.893051'),
(20, 'sessions', '0001_initial', '2021-12-02 18:40:38.931273');

-- --------------------------------------------------------

--
-- Table structure for table `django_session`
--

CREATE TABLE `django_session` (
  `session_key` varchar(40) NOT NULL,
  `session_data` longtext NOT NULL,
  `expire_date` datetime(6) NOT NULL
) ENGINE=InnoDB DEFAULT CHARSET=utf8mb4 COLLATE=utf8mb4_0900_ai_ci;

-- --------------------------------------------------------

--
-- Table structure for table `seas_classroom_t`
--

CREATE TABLE `seas_classroom_t` (
  `roomID` varchar(7) NOT NULL,
  `roomCapacity` int NOT NULL
) ENGINE=InnoDB DEFAULT CHARSET=utf8mb4 COLLATE=utf8mb4_0900_ai_ci;

-- --------------------------------------------------------

--
-- Table structure for table `seas_course_t`
--

CREATE TABLE `seas_course_t` (
  `courseID` varchar(7) NOT NULL,
  `courseName` varchar(50) NOT NULL,
  `creditHour` int NOT NULL,
  `semester` varchar(6) NOT NULL,
  `year` date NOT NULL,
  `deptcode_id` varchar(3) NOT NULL
) ENGINE=InnoDB DEFAULT CHARSET=utf8mb4 COLLATE=utf8mb4_0900_ai_ci;

-- --------------------------------------------------------

--
-- Table structure for table `seas_department_t`
--

CREATE TABLE `seas_department_t` (
  `deptCode` varchar(3) NOT NULL,
  `deptName` varchar(50) NOT NULL,
  `schoolTitle_id` varchar(6) NOT NULL
) ENGINE=InnoDB DEFAULT CHARSET=utf8mb4 COLLATE=utf8mb4_0900_ai_ci;

-- --------------------------------------------------------

--
-- Table structure for table `seas_faculty_t`
--

CREATE TABLE `seas_faculty_t` (
  `facultyID` int NOT NULL,
  `facultyName` varchar(50) NOT NULL
) ENGINE=InnoDB DEFAULT CHARSET=utf8mb4 COLLATE=utf8mb4_0900_ai_ci;

-- --------------------------------------------------------

--
-- Table structure for table `seas_school_t`
--

CREATE TABLE `seas_school_t` (
  `schoolTitle` varchar(6) NOT NULL,
  `schoolName` varchar(50) NOT NULL
) ENGINE=InnoDB DEFAULT CHARSET=utf8mb4 COLLATE=utf8mb4_0900_ai_ci;

-- --------------------------------------------------------

--
-- Table structure for table `seas_section_t`
--

CREATE TABLE `seas_section_t` (
  `sectionNo` int NOT NULL,
  `capacity` int NOT NULL,
  `noOfEnrolledStudent` int NOT NULL,
  `startTime` time(6) NOT NULL,
  `endTime` time(6) NOT NULL,
  `day` varchar(4) NOT NULL,
  `blocked` varchar(4) NOT NULL,
  `courseID_id` varchar(7) NOT NULL,
  `facultyID_id` int NOT NULL,
  `roomID_id` varchar(7) NOT NULL
) ENGINE=InnoDB DEFAULT CHARSET=utf8mb4 COLLATE=utf8mb4_0900_ai_ci;

--
-- Indexes for dumped tables
--

--
-- Indexes for table `auth_group`
--
ALTER TABLE `auth_group`
  ADD PRIMARY KEY (`id`),
  ADD UNIQUE KEY `name` (`name`);

--
-- Indexes for table `auth_group_permissions`
--
ALTER TABLE `auth_group_permissions`
  ADD PRIMARY KEY (`id`),
  ADD UNIQUE KEY `auth_group_permissions_group_id_permission_id_0cd325b0_uniq` (`group_id`,`permission_id`),
  ADD KEY `auth_group_permissio_permission_id_84c5c92e_fk_auth_perm` (`permission_id`);

--
-- Indexes for table `auth_permission`
--
ALTER TABLE `auth_permission`
  ADD PRIMARY KEY (`id`),
  ADD UNIQUE KEY `auth_permission_content_type_id_codename_01ab375a_uniq` (`content_type_id`,`codename`);

--
-- Indexes for table `auth_user`
--
ALTER TABLE `auth_user`
  ADD PRIMARY KEY (`id`),
  ADD UNIQUE KEY `username` (`username`);

--
-- Indexes for table `auth_user_groups`
--
ALTER TABLE `auth_user_groups`
  ADD PRIMARY KEY (`id`),
  ADD UNIQUE KEY `auth_user_groups_user_id_group_id_94350c0c_uniq` (`user_id`,`group_id`),
  ADD KEY `auth_user_groups_group_id_97559544_fk_auth_group_id` (`group_id`);

--
-- Indexes for table `auth_user_user_permissions`
--
ALTER TABLE `auth_user_user_permissions`
  ADD PRIMARY KEY (`id`),
  ADD UNIQUE KEY `auth_user_user_permissions_user_id_permission_id_14a6b632_uniq` (`user_id`,`permission_id`),
  ADD KEY `auth_user_user_permi_permission_id_1fbb5f2c_fk_auth_perm` (`permission_id`);

--
-- Indexes for table `django_admin_log`
--
ALTER TABLE `django_admin_log`
  ADD PRIMARY KEY (`id`),
  ADD KEY `django_admin_log_content_type_id_c4bce8eb_fk_django_co` (`content_type_id`),
  ADD KEY `django_admin_log_user_id_c564eba6_fk_auth_user_id` (`user_id`);

--
-- Indexes for table `django_content_type`
--
ALTER TABLE `django_content_type`
  ADD PRIMARY KEY (`id`),
  ADD UNIQUE KEY `django_content_type_app_label_model_76bd3d3b_uniq` (`app_label`,`model`);

--
-- Indexes for table `django_migrations`
--
ALTER TABLE `django_migrations`
  ADD PRIMARY KEY (`id`);

--
-- Indexes for table `django_session`
--
ALTER TABLE `django_session`
  ADD PRIMARY KEY (`session_key`),
  ADD KEY `django_session_expire_date_a5c62663` (`expire_date`);

--
-- Indexes for table `seas_classroom_t`
--
ALTER TABLE `seas_classroom_t`
  ADD PRIMARY KEY (`roomID`);

--
-- Indexes for table `seas_course_t`
--
ALTER TABLE `seas_course_t`
  ADD PRIMARY KEY (`courseID`),
  ADD KEY `seas_course_t_deptcode_id_fd1b856b_fk_seas_department_t_deptCode` (`deptcode_id`);

--
-- Indexes for table `seas_department_t`
--
ALTER TABLE `seas_department_t`
  ADD PRIMARY KEY (`deptCode`),
  ADD KEY `seas_department_t_schoolTitle_id_cac08013_fk_seas_scho` (`schoolTitle_id`);

--
-- Indexes for table `seas_faculty_t`
--
ALTER TABLE `seas_faculty_t`
  ADD PRIMARY KEY (`facultyID`);

--
-- Indexes for table `seas_school_t`
--
ALTER TABLE `seas_school_t`
  ADD PRIMARY KEY (`schoolTitle`);

--
-- Indexes for table `seas_section_t`
--
ALTER TABLE `seas_section_t`
  ADD PRIMARY KEY (`sectionNo`),
  ADD KEY `seas_section_t_courseID_id_9c3033de_fk_seas_course_t_courseID` (`courseID_id`),
  ADD KEY `seas_section_t_facultyID_id_91d373be_fk_seas_faculty_t_facultyID` (`facultyID_id`),
  ADD KEY `seas_section_t_roomID_id_67445704_fk_seas_classroom_t_roomID` (`roomID_id`);

--
-- AUTO_INCREMENT for dumped tables
--

--
-- AUTO_INCREMENT for table `auth_group`
--
ALTER TABLE `auth_group`
  MODIFY `id` int NOT NULL AUTO_INCREMENT;

--
-- AUTO_INCREMENT for table `auth_group_permissions`
--
ALTER TABLE `auth_group_permissions`
  MODIFY `id` bigint NOT NULL AUTO_INCREMENT;

--
-- AUTO_INCREMENT for table `auth_permission`
--
ALTER TABLE `auth_permission`
  MODIFY `id` int NOT NULL AUTO_INCREMENT, AUTO_INCREMENT=49;

--
-- AUTO_INCREMENT for table `auth_user`
--
ALTER TABLE `auth_user`
  MODIFY `id` int NOT NULL AUTO_INCREMENT, AUTO_INCREMENT=2;

--
-- AUTO_INCREMENT for table `auth_user_groups`
--
ALTER TABLE `auth_user_groups`
  MODIFY `id` bigint NOT NULL AUTO_INCREMENT;

--
-- AUTO_INCREMENT for table `auth_user_user_permissions`
--
ALTER TABLE `auth_user_user_permissions`
  MODIFY `id` bigint NOT NULL AUTO_INCREMENT;

--
-- AUTO_INCREMENT for table `django_admin_log`
--
ALTER TABLE `django_admin_log`
  MODIFY `id` int NOT NULL AUTO_INCREMENT;

--
-- AUTO_INCREMENT for table `django_content_type`
--
ALTER TABLE `django_content_type`
  MODIFY `id` int NOT NULL AUTO_INCREMENT, AUTO_INCREMENT=13;

--
-- AUTO_INCREMENT for table `django_migrations`
--
ALTER TABLE `django_migrations`
  MODIFY `id` bigint NOT NULL AUTO_INCREMENT, AUTO_INCREMENT=21;

--
-- Constraints for dumped tables
--

--
-- Constraints for table `auth_group_permissions`
--
ALTER TABLE `auth_group_permissions`
  ADD CONSTRAINT `auth_group_permissio_permission_id_84c5c92e_fk_auth_perm` FOREIGN KEY (`permission_id`) REFERENCES `auth_permission` (`id`),
  ADD CONSTRAINT `auth_group_permissions_group_id_b120cbf9_fk_auth_group_id` FOREIGN KEY (`group_id`) REFERENCES `auth_group` (`id`);

--
-- Constraints for table `auth_permission`
--
ALTER TABLE `auth_permission`
  ADD CONSTRAINT `auth_permission_content_type_id_2f476e4b_fk_django_co` FOREIGN KEY (`content_type_id`) REFERENCES `django_content_type` (`id`);

--
-- Constraints for table `auth_user_groups`
--
ALTER TABLE `auth_user_groups`
  ADD CONSTRAINT `auth_user_groups_group_id_97559544_fk_auth_group_id` FOREIGN KEY (`group_id`) REFERENCES `auth_group` (`id`),
  ADD CONSTRAINT `auth_user_groups_user_id_6a12ed8b_fk_auth_user_id` FOREIGN KEY (`user_id`) REFERENCES `auth_user` (`id`);

--
-- Constraints for table `auth_user_user_permissions`
--
ALTER TABLE `auth_user_user_permissions`
  ADD CONSTRAINT `auth_user_user_permi_permission_id_1fbb5f2c_fk_auth_perm` FOREIGN KEY (`permission_id`) REFERENCES `auth_permission` (`id`),
  ADD CONSTRAINT `auth_user_user_permissions_user_id_a95ead1b_fk_auth_user_id` FOREIGN KEY (`user_id`) REFERENCES `auth_user` (`id`);

--
-- Constraints for table `django_admin_log`
--
ALTER TABLE `django_admin_log`
  ADD CONSTRAINT `django_admin_log_content_type_id_c4bce8eb_fk_django_co` FOREIGN KEY (`content_type_id`) REFERENCES `django_content_type` (`id`),
  ADD CONSTRAINT `django_admin_log_user_id_c564eba6_fk_auth_user_id` FOREIGN KEY (`user_id`) REFERENCES `auth_user` (`id`);

--
-- Constraints for table `seas_course_t`
--
ALTER TABLE `seas_course_t`
  ADD CONSTRAINT `seas_course_t_deptcode_id_fd1b856b_fk_seas_department_t_deptCode` FOREIGN KEY (`deptcode_id`) REFERENCES `seas_department_t` (`deptCode`);

--
-- Constraints for table `seas_department_t`
--
ALTER TABLE `seas_department_t`
  ADD CONSTRAINT `seas_department_t_schoolTitle_id_cac08013_fk_seas_scho` FOREIGN KEY (`schoolTitle_id`) REFERENCES `seas_school_t` (`schoolTitle`);

--
-- Constraints for table `seas_section_t`
--
ALTER TABLE `seas_section_t`
  ADD CONSTRAINT `seas_section_t_courseID_id_9c3033de_fk_seas_course_t_courseID` FOREIGN KEY (`courseID_id`) REFERENCES `seas_course_t` (`courseID`),
  ADD CONSTRAINT `seas_section_t_facultyID_id_91d373be_fk_seas_faculty_t_facultyID` FOREIGN KEY (`facultyID_id`) REFERENCES `seas_faculty_t` (`facultyID`),
  ADD CONSTRAINT `seas_section_t_roomID_id_67445704_fk_seas_classroom_t_roomID` FOREIGN KEY (`roomID_id`) REFERENCES `seas_classroom_t` (`roomID`);
COMMIT;

/*!40101 SET CHARACTER_SET_CLIENT=@OLD_CHARACTER_SET_CLIENT */;
/*!40101 SET CHARACTER_SET_RESULTS=@OLD_CHARACTER_SET_RESULTS */;
/*!40101 SET COLLATION_CONNECTION=@OLD_COLLATION_CONNECTION */;
